,person_id,first_name,last_name,email,gender,phone
0,1,Mag,Calver,mcalver0@pcworld.com,Female,141-843-6732
1,2,Jae,Leathley,jleathley1@wufoo.com,Male,756-840-3114
2,3,Dotty,Port,dport2@narod.ru,Female,550-438-7239
3,4,Leonerd,McConnachie,lmcconnachie3@spotify.com,Male,999-625-4731
4,5,Shawn,Kinde,skinde4@pcworld.com,Female,308-741-0551
5,6,Charlie,Heathcote,cheathcote5@unc.edu,Male,188-696-9945
6,7,Flossy,Houliston,fhouliston6@google.com,Female,572-231-0623
7,8,Estrella,Braiden,ebraiden7@forbes.com,Female,400-887-0121
8,9,Ado,Jacob,ajacob8@sbwire.com,Male,171-885-0189
9,10,Jeth,Cridge,jcridge9@parallels.com,Male,680-771-2643
10,11,Lynelle,Grishakin,lgrishakina@angelfire.com,Female,129-324-2710
11,12,Ellsworth,Durie,edurieb@netlog.com,Male,897-190-9854
12,13,Kirsteni,Hrishanok,khrishanokc@cpanel.net,Female,453-994-3559
13,14,Jocelin,Towe,jtowed@weibo.com,Female,988-929-7638
14,15,Eleen,Seth,esethe@stumbleupon.com,Female,749-990-9986
15,16,Emmy,Stendell,estendellf@tinyurl.com,Male,989-757-3634
16,17,Rancell,Tomaszek,rtomaszekg@senate.gov,Male,230-558-9469
17,18,Brooke,Jannequin,bjannequinh@latimes.com,Female,711-755-0388
18,19,Ferdy,Roll,frolli@fotki.com,Male,553-595-1163
19,20,Noel,Clapson,nclapsonj@oracle.com,Female,233-563-9257
20,21,Charlton,Enderson,cendersonk@1und1.de,Male,781-514-0468
21,22,Emelda,Mollon,emollonl@msu.edu,Female,350-557-5060
22,23,Tamiko,Rollin,trollinm@ovh.net,Female,250-911-0761
23,24,Mirelle,Gay,mgayn@g.co,Female,616-136-3000
24,25,Shamus,Vedekhov,svedekhovo@163.com,Male,704-876-3445
25,26,Liva,Quidenham,lquidenhamp@about.com,Female,350-232-5031
26,27,Martin,Dyble,mdybleq@stumbleupon.com,Male,713-718-7836
27,28,Rhett,Willford,rwillfordr@gnu.org,Male,665-877-2160
28,29,Shermie,Colbourn,scolbourns@tinyurl.com,Male,200-829-6200
29,30,Corny,Crichton,ccrichtont@facebook.com,Female,969-115-1191
30,31,Mathias,Folli,mfolliu@amazonaws.com,Male,585-850-6172
31,32,Grange,Benfell,gbenfellv@yale.edu,Male,992-953-3023
32,33,Flss,Limbrick,flimbrickw@tmall.com,Female,156-390-8222
33,34,Salaidh,Corbitt,scorbittx@shinystat.com,Female,343-559-0313
34,35,Jamaal,Bonds,jbondsy@altervista.org,Male,514-639-9254
35,36,Zebulen,Fero,zferoz@simplemachines.org,Male,707-661-2159
36,37,Galvin,Rignold,grignold10@redcross.org,Male,369-793-6771
37,38,Rodina,Trapp,rtrapp11@ovh.net,Female,294-720-4803
38,39,Oona,Hierro,ohierro12@theguardian.com,Female,886-636-7801
39,40,Clarey,Snashall,csnashall13@spiegel.de,Female,286-542-4555
40,41,Meir,Dalloway,mdalloway14@cafepress.com,Male,901-450-1426
41,42,Adrianna,Scouse,ascouse15@apache.org,Female,826-102-3110
42,43,Kattie,Pocknell,kpocknell16@ebay.com,Female,802-377-3504
43,44,Lawry,Zamora,lzamora17@weibo.com,Male,230-217-4647
44,45,Melinde,Tremethack,mtremethack18@yahoo.com,Female,831-848-7282
45,46,Jessalyn,Cromar,jcromar19@reverbnation.com,Female,677-747-9785
46,47,Gaynor,Cockett,gcockett1a@google.it,Female,370-738-4244
47,48,Neilla,Chatan,nchatan1b@mashable.com,Female,860-547-5635
48,49,Kristofer,Busswell,kbusswell1c@irs.gov,Male,622-901-4016
49,50,Lorenza,Kerswill,lkerswill1d@sina.com.cn,Female,947-131-8315
50,51,Floria,d' Elboux,fdelboux1e@jalbum.net,Female,509-405-7888
51,52,Hazel,Henriet,hhenriet1f@livejournal.com,Male,621-905-4945
52,53,Glory,Rockall,grockall1g@devhub.com,Female,836-886-8872
53,54,Jonah,Tingle,jtingle1h@fda.gov,Male,125-685-9966
54,55,Benedicto,Busfield,bbusfield1i@patch.com,Male,114-104-9649
55,56,Suzie,Core,score1j@washingtonpost.com,Female,255-809-8983
56,57,Neel,Quarrie,nquarrie1k@spiegel.de,Male,787-543-8179
57,58,Dallas,Baldwin,dbaldwin1l@163.com,Female,232-491-9710
58,59,Barn,Crimin,bcrimin1m@time.com,Male,345-932-6732
59,60,Waverley,Acors,wacors1n@mit.edu,Male,778-509-7770
60,61,Bearnard,Ferrierio,bferrierio1o@virginia.edu,Male,554-834-3520
61,62,Berrie,Mancktelow,bmancktelow1p@bandcamp.com,Female,306-870-7563
62,63,Donny,Yokelman,dyokelman1q@businessinsider.com,Male,523-877-9077
63,64,Maddy,Leggate,mleggate1r@reuters.com,Male,347-790-9263
64,65,Mile,Cobby,mcobby1s@ocn.ne.jp,Male,104-849-9129
65,66,Winston,Ascrofte,wascrofte1t@joomla.org,Male,259-185-6587
66,67,Sallyann,Danelut,sdanelut1u@list-manage.com,Female,741-822-7801
67,68,Drucie,de Grey,ddegrey1v@army.mil,Female,818-618-7042
68,69,Umberto,Nelthorpe,unelthorpe1w@topsy.com,Male,874-134-3582
69,70,Saleem,Yousef,syousef1x@vinaora.com,Male,121-574-3339
70,71,Elnora,Diloway,ediloway1y@scientificamerican.com,Female,463-578-2780
71,72,Lorne,Chellam,lchellam1z@earthlink.net,Male,584-770-6419
72,73,Travus,Kilfeather,tkilfeather20@pen.io,Male,822-164-4806
73,74,Sheilah,Burgne,sburgne21@ted.com,Female,482-889-3356
74,75,Chalmers,Wagstaff,cwagstaff22@biglobe.ne.jp,Male,331-354-4298
75,76,Keary,Hansley,khansley23@techcrunch.com,Male,377-197-2498
76,77,Hally,Palatini,hpalatini24@hibu.com,Female,540-740-5614
77,78,Eb,Johann,ejohann25@free.fr,Male,203-636-6908
78,79,Wilmar,Battrick,wbattrick26@ed.gov,Male,146-648-6923
79,80,Edie,Lindblad,elindblad27@telegraph.co.uk,Female,658-311-0885
80,81,Giorgio,Saker,gsaker28@issuu.com,Male,658-132-1299
81,82,Emiline,Brahams,ebrahams29@dailymotion.com,Female,804-264-7842
82,83,Royce,Nias,rnias2a@oaic.gov.au,Male,724-492-4627
83,84,Luella,Mallen,lmallen2b@un.org,Female,829-500-6424
84,85,Vallie,Nanelli,vnanelli2c@ucoz.com,Female,697-802-2286
85,86,Florida,Hartin,fhartin2d@sbwire.com,Female,128-552-9307
86,87,Domini,Coney,dconey2e@washingtonpost.com,Female,952-406-8142
87,88,Eward,Le Moucheux,elemoucheux2f@nasa.gov,Male,989-333-3632
88,89,Alfi,Gidman,agidman2g@youku.com,Female,623-702-7071
89,90,Ole,Ovington,oovington2h@elpais.com,Male,489-867-4530
90,91,Rosamond,Jiroutek,rjiroutek2i@cpanel.net,Female,479-649-4972
91,92,Maud,Tollett,mtollett2j@squidoo.com,Female,676-563-2328
92,93,Kesley,Ambrozewicz,kambrozewicz2k@zimbio.com,Female,539-596-0694
93,94,Stephi,Langelaan,slangelaan2l@yolasite.com,Female,524-389-0900
94,95,Marven,Rihanek,mrihanek2m@accuweather.com,Male,618-140-1063
95,96,Walliw,Chadderton,wchadderton2n@mozilla.org,Female,947-971-4645
96,97,Johnny,Emblin,jemblin2o@tuttocitta.it,Male,469-956-1572
97,98,Dory,Stapells,dstapells2p@sourceforge.net,Female,778-431-8687
98,99,Aloise,Vasenkov,avasenkov2q@vkontakte.ru,Female,621-571-3029
99,100,Victoria,Franz,vfranz2r@goo.ne.jp,Female,493-335-7561
100,101,Gilligan,State,gstate2s@free.fr,Female,212-824-9526
101,102,Lonni,Sloan,lsloan2t@etsy.com,Female,601-686-6582
102,103,Corrine,Jenkerson,cjenkerson2u@joomla.org,Female,157-228-4315
103,104,Norby,Conkie,nconkie2v@arstechnica.com,Male,727-293-8571
104,105,Alick,Hackford,ahackford2w@nytimes.com,Male,246-280-5791
105,106,Godfrey,Lehrahan,glehrahan2x@howstuffworks.com,Male,279-339-7758
106,107,Templeton,Walkley,twalkley2y@macromedia.com,Male,527-920-0327
107,108,Sholom,Farnell,sfarnell2z@mail.ru,Male,999-564-7763
108,109,Monique,Montacute,mmontacute30@google.com.hk,Female,434-639-2289
109,110,Ibrahim,Foddy,ifoddy31@businessweek.com,Male,369-721-2279
110,111,Farrel,Spinozzi,fspinozzi32@vimeo.com,Male,623-796-1888
111,112,Jeanelle,Klimushev,jklimushev33@nyu.edu,Female,979-801-2473
112,113,Esme,Moughtin,emoughtin34@forbes.com,Male,659-216-8116
113,114,Jennifer,Overnell,jovernell35@state.gov,Female,350-543-7865
114,115,Kelci,Ramirez,kramirez36@instagram.com,Female,780-442-2068
115,116,Bud,Meadowcroft,bmeadowcroft37@squidoo.com,Male,946-924-8899
116,117,Patrick,Milam,pmilam38@foxnews.com,Male,753-234-9568
117,118,Orion,Goreway,ogoreway39@ebay.co.uk,Male,741-414-3642
118,119,Bride,Clapp,bclapp3a@g.co,Female,522-815-7984
119,120,Madelene,Whinney,mwhinney3b@shareasale.com,Female,481-891-4507
120,121,Zacherie,Pegler,zpegler3c@chronoengine.com,Male,225-465-8260
121,122,Bellina,Grinter,bgrinter3d@oracle.com,Female,766-451-6054
122,123,Sile,Dansey,sdansey3e@sohu.com,Female,411-688-5109
123,124,Erminia,Vanne,evanne3f@slate.com,Female,336-192-3721
124,125,Haley,Brewins,hbrewins3g@nba.com,Male,585-286-6698
125,126,Constantino,Huntley,chuntley3h@nih.gov,Male,619-845-5557
126,127,Ethelbert,Yerrill,eyerrill3i@gov.uk,Male,313-160-7619
127,128,Remington,Sinden,rsinden3j@techcrunch.com,Male,113-629-0592
128,129,Gerome,Falvey,gfalvey3k@google.ru,Male,642-520-4437
129,130,Roderich,Lerven,rlerven3l@4shared.com,Male,508-939-0604
130,131,Colet,Minchinden,cminchinden3m@t.co,Male,408-774-7870
131,132,Malynda,Padrick,mpadrick3n@jigsy.com,Female,202-302-7033
132,133,Julita,Attril,jattril3o@homestead.com,Female,648-567-2130
133,134,Hetti,Miliffe,hmiliffe3p@senate.gov,Female,232-281-6998
134,135,Dene,Bend,dbend3q@themeforest.net,Male,751-456-1225
135,136,Andrea,Taggert,ataggert3r@clickbank.net,Female,765-356-7388
136,137,Van,Callan,vcallan3s@istockphoto.com,Female,834-896-3652
137,138,Carmine,Waiton,cwaiton3t@purevolume.com,Male,477-624-8882
138,139,Gareth,Siemons,gsiemons3u@reference.com,Male,666-946-9166
139,140,Carlin,Arnecke,carnecke3v@hud.gov,Male,856-328-8230
140,141,Juliana,Yarrall,jyarrall3w@ocn.ne.jp,Female,825-460-8048
141,142,Bradley,Battey,bbattey3x@soup.io,Male,760-791-2924
142,143,Lucy,Thiolier,lthiolier3y@odnoklassniki.ru,Female,644-477-9915
143,144,Rick,Beslier,rbeslier3z@blogspot.com,Male,770-621-4615
144,145,Nahum,Martinuzzi,nmartinuzzi40@google.com,Male,288-939-4513
145,146,Willie,Gask,wgask41@army.mil,Female,435-166-6043
146,147,Karissa,Angliss,kangliss42@bloomberg.com,Female,964-984-7860
147,148,Ed,O' Clovan,eoclovan43@digg.com,Male,658-499-1809
148,149,Verine,Paslow,vpaslow44@eventbrite.com,Female,511-122-2255
149,150,Britt,Doxey,bdoxey45@slideshare.net,Male,362-972-1405
150,151,Arlin,Knaggs,aknaggs46@barnesandnoble.com,Male,285-106-1062
151,152,Vanya,Gumary,vgumary47@tuttocitta.it,Male,414-568-0025
152,153,Leonanie,Beckwith,lbeckwith48@who.int,Female,222-924-6460
153,154,Janel,Pettipher,jpettipher49@flickr.com,Female,459-785-6114
154,155,Sonnie,Gabbetis,sgabbetis4a@com.com,Female,260-894-0062
155,156,Artemas,Postin,apostin4b@goo.gl,Male,215-959-2787
156,157,Farand,Clegg,fclegg4c@sciencedaily.com,Female,353-341-6509
157,158,Ike,Coopey,icoopey4d@cargocollective.com,Male,283-247-2329
158,159,Koralle,Huggill,khuggill4e@cdc.gov,Female,345-873-4226
159,160,Lion,Jenkin,ljenkin4f@bloomberg.com,Male,217-392-7613
160,161,Rutherford,Keatley,rkeatley4g@jimdo.com,Male,897-300-2938
161,162,Cordula,Izachik,cizachik4h@telegraph.co.uk,Female,829-126-0722
162,163,Vivi,Fermin,vfermin4i@webeden.co.uk,Female,139-862-4737
163,164,Stephana,Olenchikov,solenchikov4j@twitter.com,Female,227-257-2914
164,165,Lefty,Glencorse,lglencorse4k@dell.com,Male,495-290-1195
165,166,Rosemary,Haseley,rhaseley4l@nhs.uk,Female,582-757-1807
166,167,Lenard,Calabry,lcalabry4m@boston.com,Male,369-167-1514
167,168,Joann,Disney,jdisney4n@illinois.edu,Female,567-758-4025
168,169,Patricia,Primmer,pprimmer4o@ifeng.com,Female,564-978-3557
169,170,Giulietta,Woollhead,gwoollhead4p@privacy.gov.au,Female,157-634-3047
170,171,Andriana,Whiteson,awhiteson4q@barnesandnoble.com,Female,472-621-4892
171,172,Maurizia,Pottinger,mpottinger4r@nytimes.com,Female,183-828-0981
172,173,Tildi,Marzelo,tmarzelo4s@digg.com,Female,879-920-2077
173,174,Townsend,Delany,tdelany4t@hao123.com,Male,410-264-9716
174,175,Rudd,Aisman,raisman4u@etsy.com,Male,724-263-7967
175,176,Kingsly,Demoge,kdemoge4v@fastcompany.com,Male,749-692-7012
176,177,Krystle,Sweetnam,ksweetnam4w@ehow.com,Female,820-215-5398
177,178,Pieter,Purslow,ppurslow4x@google.ca,Male,683-594-0274
178,179,Barrie,Bisco,bbisco4y@uiuc.edu,Male,891-175-3402
179,180,Ofelia,Pheazey,opheazey4z@comcast.net,Female,858-387-5122
180,181,Meade,Ridel,mridel50@gizmodo.com,Male,788-344-6443
181,182,Chrysler,Favel,cfavel51@mlb.com,Female,905-623-0012
182,183,Kyrstin,Jacquot,kjacquot52@si.edu,Female,232-713-8683
183,184,Cissiee,McGloin,cmcgloin53@unicef.org,Female,537-587-1757
184,185,Paxon,Pedroli,ppedroli54@example.com,Male,361-578-3268
185,186,Shane,Oxherd,soxherd55@miitbeian.gov.cn,Male,990-614-1186
186,187,Marcela,Duplain,mduplain56@ning.com,Female,233-865-8702
187,188,Thornie,Kelsey,tkelsey57@comsenz.com,Male,240-657-2460
188,189,Pammi,Andreaccio,pandreaccio58@ucsd.edu,Female,412-649-3746
189,190,Warden,Teaz,wteaz59@php.net,Male,759-839-0957
190,191,Mohandas,Mieville,mmieville5a@uiuc.edu,Male,444-496-1472
191,192,Gradeigh,Washbrook,gwashbrook5b@technorati.com,Male,770-979-0196
192,193,Beauregard,Jozaitis,bjozaitis5c@moonfruit.com,Male,801-885-4699
193,194,Karmen,MacLese,kmaclese5d@ow.ly,Female,291-428-7899
194,195,Noelyn,Le Brum,nlebrum5e@answers.com,Female,688-825-0927
195,196,Christabel,Blinkhorn,cblinkhorn5f@ucsd.edu,Female,215-794-0405
196,197,Micheal,Cankett,mcankett5g@purevolume.com,Male,644-134-8189
197,198,Gloriana,Hanner,ghanner5h@amazon.de,Female,614-958-2078
198,199,Rianon,Avison,ravison5i@w3.org,Female,911-465-3924
199,200,Beryle,Everal,beveral5j@hao123.com,Female,963-504-3987
200,201,Marja,McVeigh,mmcveigh5k@walmart.com,Female,564-113-1222
201,202,Tine,Covington,tcovington5l@issuu.com,Female,627-902-4047
202,203,Katey,Crombie,kcrombie5m@drupal.org,Female,615-844-7218
203,204,Babs,Middell,bmiddell5n@newsvine.com,Female,752-320-6334
204,205,Padraic,Cureton,pcureton5o@independent.co.uk,Male,502-647-9100
205,206,Odey,Joreau,ojoreau5p@storify.com,Male,916-813-9544
206,207,Creight,Blaschke,cblaschke5q@virginia.edu,Male,708-171-0969
207,208,Prudy,Bulpitt,pbulpitt5r@weebly.com,Female,859-123-1812
208,209,Layla,Carillo,lcarillo5s@about.me,Female,178-788-6604
209,210,Aldous,Dod,adod5t@amazon.com,Male,255-114-1713
210,211,Natividad,Plowright,nplowright5u@nhs.uk,Female,418-138-3848
211,212,Fields,Hathaway,fhathaway5v@theglobeandmail.com,Male,708-541-8974
212,213,Raphaela,Margrie,rmargrie5w@google.co.uk,Female,605-884-8197
213,214,Phaedra,Yosselevitch,pyosselevitch5x@npr.org,Female,923-244-2305
214,215,Cicely,Dallemore,cdallemore5y@jalbum.net,Female,241-664-4060
215,216,Freida,Cruise,fcruise5z@pagesperso-orange.fr,Female,338-135-5469
216,217,Noel,Over,nover60@netlog.com,Female,816-290-0275
217,218,Clovis,Leehane,cleehane61@wikia.com,Female,573-233-9804
218,219,Levin,Brewood,lbrewood62@google.cn,Male,477-933-8069
219,220,Corie,Craxford,ccraxford63@barnesandnoble.com,Female,742-920-7775
220,221,Gregorius,Gomme,ggomme64@google.co.uk,Male,881-212-7838
221,222,Kristien,Gascoigne,kgascoigne65@hud.gov,Female,269-256-1601
222,223,Merwyn,Skellern,mskellern66@google.com.br,Male,607-832-5386
223,224,Chilton,Kingerby,ckingerby67@alibaba.com,Male,496-380-9173
224,225,Eydie,Hearon,ehearon68@chronoengine.com,Female,795-735-7775
225,226,Tessy,Faircliffe,tfaircliffe69@businessweek.com,Female,304-220-0335
226,227,Calypso,Wilkins,cwilkins6a@cam.ac.uk,Female,582-704-9545
227,228,Wes,Matei,wmatei6b@histats.com,Male,672-353-1132
228,229,Nickolas,Lovelace,nlovelace6c@answers.com,Male,218-772-0789
229,230,Maxim,McRae,mmcrae6d@yellowpages.com,Male,413-971-2589
230,231,Sibelle,Rush,srush6e@ifeng.com,Female,603-465-0080
231,232,Herta,Whines,hwhines6f@slate.com,Female,957-419-1079
232,233,Dalis,Inglefield,dinglefield6g@huffingtonpost.com,Male,432-268-4202
233,234,Mela,Bilby,mbilby6h@ucsd.edu,Female,487-954-7310
234,235,Elsey,Ibotson,eibotson6i@qq.com,Female,373-586-4004
235,236,Nichole,Fullegar,nfullegar6j@unc.edu,Female,423-932-6630
236,237,Ralph,MacDuff,rmacduff6k@forbes.com,Male,502-284-8459
237,238,Claus,Sacks,csacks6l@walmart.com,Male,402-980-3640
238,239,Brice,Baish,bbaish6m@g.co,Male,594-841-9765
239,240,Kessia,Dibb,kdibb6n@123-reg.co.uk,Female,893-121-8069
240,241,Ingunna,Devote,idevote6o@about.com,Female,151-260-2300
241,242,Justinian,Worton,jworton6p@homestead.com,Male,474-285-9311
242,243,Jayson,Plaskitt,jplaskitt6q@princeton.edu,Male,640-943-7703
243,244,Saul,Orr,sorr6r@hp.com,Male,352-791-3805
244,245,Donovan,Sprankling,dsprankling6s@wiley.com,Male,842-384-2075
245,246,Alfredo,Bilbey,abilbey6t@reverbnation.com,Male,690-460-9702
246,247,Sayers,Fearenside,sfearenside6u@bloglines.com,Male,672-913-2098
247,248,Dyana,Ding,dding6v@imgur.com,Female,254-335-0529
248,249,Lillian,Luckham,lluckham6w@1und1.de,Female,798-675-6042
249,250,Bernelle,Caddens,bcaddens6x@wired.com,Female,744-892-1946
250,251,Goraud,Seeviour,gseeviour6y@ovh.net,Male,153-567-0471
251,252,Evelina,Gosland,egosland6z@cargocollective.com,Female,243-988-2017
252,253,Conrade,Gye,cgye70@furl.net,Male,792-740-0191
253,254,Christie,Knewstubb,cknewstubb71@hud.gov,Male,454-342-7982
254,255,Perry,Cacacie,pcacacie72@ucoz.ru,Male,200-979-9361
255,256,Raimundo,Pessolt,rpessolt73@google.com.br,Male,419-436-5003
256,257,Cybill,Margram,cmargram74@china.com.cn,Female,614-133-3481
257,258,Sibel,Jancso,sjancso75@npr.org,Female,628-446-6782
258,259,Darren,Gooderson,dgooderson76@netlog.com,Male,556-732-5200
259,260,Roy,Cranefield,rcranefield77@cnn.com,Male,716-287-1588
260,261,Sutherlan,Rodolf,srodolf78@accuweather.com,Male,227-394-6473
261,262,Nikola,Bentzen,nbentzen79@etsy.com,Male,706-695-4794
262,263,Sher,Goeff,sgoeff7a@wired.com,Female,335-522-4333
263,264,Mace,Boon,mboon7b@yellowbook.com,Male,692-599-9491
264,265,Germaine,Lang,glang7c@dot.gov,Male,474-359-8450
265,266,Yardley,Jenik,yjenik7d@rambler.ru,Male,621-946-5519
266,267,Laird,Goodbar,lgoodbar7e@hc360.com,Male,556-423-4348
267,268,Clayborne,Blest,cblest7f@vk.com,Male,570-293-1195
268,269,Fred,Arnaut,farnaut7g@amazon.de,Female,764-346-4631
269,270,Enrichetta,Clapton,eclapton7h@wisc.edu,Female,160-326-5748
270,271,William,Ties,wties7i@wikispaces.com,Male,550-845-4221
271,272,Babbette,Etches,betches7j@hud.gov,Female,252-872-7292
272,273,Bryon,Rubes,brubes7k@list-manage.com,Male,440-841-0248
273,274,Roma,Scourge,rscourge7l@marketwatch.com,Male,826-325-9495
274,275,Justine,Dismore,jdismore7m@twitter.com,Female,253-357-8239
275,276,Claudius,Rubinek,crubinek7n@va.gov,Male,745-414-9981
276,277,Horatia,Vickerman,hvickerman7o@jalbum.net,Female,340-690-6366
277,278,Portie,Bordessa,pbordessa7p@g.co,Male,285-801-6190
278,279,Gail,Geikie,ggeikie7q@odnoklassniki.ru,Male,893-667-5339
279,280,Carla,Gordon,cgordon7r@psu.edu,Female,104-214-2468
280,281,Meridel,Foxten,mfoxten7s@t.co,Female,132-880-1728
281,282,Oates,Northing,onorthing7t@scientificamerican.com,Male,160-826-6608
282,283,Sheffy,Murie,smurie7u@sohu.com,Male,671-236-1148
283,284,Alfie,Moorton,amoorton7v@imdb.com,Male,723-373-8828
284,285,Nikolai,Satterfitt,nsatterfitt7w@dmoz.org,Male,307-494-7537
285,286,Terrell,Costello,tcostello7x@cornell.edu,Male,152-958-0241
286,287,Leonhard,Tolworthy,ltolworthy7y@seattletimes.com,Male,558-810-7811
287,288,Olwen,Shermore,oshermore7z@japanpost.jp,Female,955-316-0137
288,289,Stacee,Ilyushkin,silyushkin80@blogger.com,Female,821-985-0772
289,290,Letisha,Balsom,lbalsom81@bluehost.com,Female,334-739-9554
290,291,Waneta,MacCawley,wmaccawley82@artisteer.com,Female,439-987-2398
291,292,Karlik,Buckthorpe,kbuckthorpe83@psu.edu,Male,567-786-0369
292,293,Jesselyn,Beahan,jbeahan84@fema.gov,Female,505-296-8809
293,294,Ginger,Withringten,gwithringten85@nhs.uk,Female,271-330-4020
294,295,Aeriell,Hullah,ahullah86@bbc.co.uk,Female,305-391-1821
295,296,Laurice,Spurett,lspurett87@joomla.org,Female,677-507-6704
296,297,Oates,Hathorn,ohathorn88@imdb.com,Male,510-391-8036
297,298,Marcel,Defont,mdefont89@go.com,Male,126-340-9373
298,299,Kelby,McKiernan,kmckiernan8a@amazon.co.jp,Male,512-233-5197
299,300,Edan,Toffts,etoffts8b@tmall.com,Male,317-367-7909
300,301,Bailie,Minchinton,bminchinton8c@ucoz.com,Male,778-301-7602
301,302,Morly,Bloxham,mbloxham8d@xing.com,Male,877-466-9539
302,303,Caressa,Mayall,cmayall8e@ustream.tv,Female,530-483-0929
303,304,Geri,Schoolcroft,gschoolcroft8f@jigsy.com,Male,244-292-4362
304,305,Hall,Jerrolt,hjerrolt8g@privacy.gov.au,Male,956-199-9040
305,306,Ashly,Rennicks,arennicks8h@sbwire.com,Female,800-403-1980
306,307,Stanleigh,Koppke,skoppke8i@rakuten.co.jp,Male,459-489-6475
307,308,Burg,Hodges,bhodges8j@accuweather.com,Male,669-634-5130
308,309,Westley,McCerery,wmccerery8k@baidu.com,Male,602-116-1314
309,310,Glenda,Jiggins,gjiggins8l@timesonline.co.uk,Female,669-242-6939
310,311,Barn,Lechelle,blechelle8m@g.co,Male,287-934-6905
311,312,Sondra,Denecamp,sdenecamp8n@about.com,Female,139-395-1138
312,313,Marlane,Rosekilly,mrosekilly8o@linkedin.com,Female,954-244-0882
313,314,Franzen,Pales,fpales8p@ustream.tv,Male,693-496-7909
314,315,Aliza,Veschi,aveschi8q@alexa.com,Female,870-431-2007
315,316,Bobbye,Feldberg,bfeldberg8r@cdc.gov,Female,485-348-6856
316,317,Cord,Langabeer,clangabeer8s@scientificamerican.com,Male,271-301-3424
317,318,Clark,Cleugh,ccleugh8t@who.int,Male,675-234-8382
318,319,Menard,Dearnly,mdearnly8u@scribd.com,Male,740-468-4213
319,320,Mariya,Weth,mweth8v@zdnet.com,Female,251-281-0461
320,321,Jaquenetta,Iley,jiley8w@ibm.com,Female,857-612-3454
321,322,Mia,Romanelli,mromanelli8x@tmall.com,Female,538-750-2741
322,323,Cyrill,Arpur,carpur8y@cargocollective.com,Male,942-939-3370
323,324,Mirabella,Tamsett,mtamsett8z@squidoo.com,Female,293-437-3170
324,325,Suzy,Thurlbeck,sthurlbeck90@elegantthemes.com,Female,723-761-7923
325,326,Wyatan,Hedditch,whedditch91@nymag.com,Male,652-341-0544
326,327,Perry,Turbat,pturbat92@umich.edu,Male,275-453-8506
327,328,Zacharia,Beebe,zbeebe93@bluehost.com,Male,352-720-0548
328,329,Nelli,Bridgewater,nbridgewater94@opera.com,Female,786-870-8943
329,330,Devlin,Bacchus,dbacchus95@nymag.com,Male,844-571-5229
330,331,Kalinda,Bright,kbright96@newsvine.com,Female,341-743-3701
331,332,Leeland,Kinnaird,lkinnaird97@spotify.com,Male,793-835-9993
332,333,Mort,Coneybeer,mconeybeer98@usa.gov,Male,412-535-7226
333,334,Allix,Avent,aavent99@economist.com,Female,977-796-3548
334,335,Eva,Maidlow,emaidlow9a@disqus.com,Female,246-288-5693
335,336,Livy,Deane,ldeane9b@photobucket.com,Female,593-555-4164
336,337,Avie,McInility,amcinility9c@discuz.net,Female,488-775-9478
337,338,Vania,Iuorio,viuorio9d@bravesites.com,Female,147-335-4350
338,339,Davina,Kernar,dkernar9e@infoseek.co.jp,Female,286-888-5174
339,340,Derril,Dowthwaite,ddowthwaite9f@sciencedirect.com,Male,815-930-8411
340,341,Roth,Westfield,rwestfield9g@ning.com,Male,188-826-7171
341,342,Charlton,Byas,cbyas9h@gmpg.org,Male,851-301-3502
342,343,Sky,Sibborn,ssibborn9i@woothemes.com,Male,749-470-4225
343,344,Brand,Lounds,blounds9j@php.net,Male,253-687-3461
344,345,Mitch,Hartrick,mhartrick9k@gizmodo.com,Male,670-902-2934
345,346,Madlin,Beacon,mbeacon9l@nps.gov,Female,701-568-6138
346,347,Georgy,Haberjam,ghaberjam9m@bravesites.com,Male,813-307-6894
347,348,Lanie,Abrahamoff,labrahamoff9n@altervista.org,Male,487-538-6563
348,349,Danny,Harden,dharden9o@state.gov,Male,919-592-9806
349,350,Holly-anne,Gateshill,hgateshill9p@army.mil,Female,814-633-4530
350,351,Sollie,Yerby,syerby9q@tuttocitta.it,Male,291-357-1533
351,352,Stacee,Ayto,sayto9r@craigslist.org,Male,253-333-8466
352,353,Nolan,Marritt,nmarritt9s@sun.com,Male,402-865-2437
353,354,Elbert,Clutton,eclutton9t@about.me,Male,862-701-8044
354,355,Liam,Barstowk,lbarstowk9u@desdev.cn,Male,212-908-6246
355,356,Marcia,Nicholas,mnicholas9v@istockphoto.com,Female,592-315-5171
356,357,Harmonie,Baulcombe,hbaulcombe9w@parallels.com,Female,205-996-5491
357,358,Phil,Jowitt,pjowitt9x@issuu.com,Male,195-412-2111
358,359,Torey,Bignell,tbignell9y@cnn.com,Male,503-816-4735
359,360,Benni,Legion,blegion9z@wikia.com,Female,276-610-8065
360,361,Gregorio,Caudell,gcaudella0@surveymonkey.com,Male,194-885-4309
361,362,Sayres,Annand,sannanda1@mysql.com,Male,895-723-5474
362,363,Rodney,Ballance,rballancea2@csmonitor.com,Male,460-188-0436
363,364,Lorrie,Mitrovic,lmitrovica3@usatoday.com,Female,759-209-2699
364,365,Arte,Perello,aperelloa4@google.com.br,Male,418-280-5440
365,366,Lorine,Dunnett,ldunnetta5@ow.ly,Female,454-581-8727
366,367,York,Kempson,ykempsona6@smh.com.au,Male,792-691-3517
367,368,Becki,McIleen,bmcileena7@addtoany.com,Female,194-166-7682
368,369,Thain,Tomsa,ttomsaa8@i2i.jp,Male,474-895-6738
369,370,Cordula,Oag,coaga9@bing.com,Female,678-723-9168
370,371,Etti,Duffit,eduffitaa@smugmug.com,Female,895-543-5731
371,372,Page,Lehrahan,plehrahanab@imageshack.us,Male,582-671-2209
372,373,Cecil,Bryce,cbryceac@ted.com,Female,224-462-6330
373,374,Collin,Chaunce,cchauncead@epa.gov,Male,430-252-8370
374,375,Alejandrina,Ciccoloi,aciccoloiae@devhub.com,Female,472-654-7420
375,376,Gale,McAviy,gmcaviyaf@de.vu,Male,376-656-8204
376,377,Kelsey,McGiffin,kmcgiffinag@livejournal.com,Male,454-878-1164
377,378,Derrek,Realy,drealyah@mit.edu,Male,393-371-1232
378,379,Janene,Tampion,jtampionai@ameblo.jp,Female,396-907-6113
379,380,Vlad,Cullagh,vcullaghaj@4shared.com,Male,360-151-6351
380,381,Irwin,Yesson,iyessonak@ftc.gov,Male,126-354-4512
381,382,Borden,Brosoli,bbrosolial@answers.com,Male,629-215-5060
382,383,Haleigh,Geleman,hgelemanam@github.com,Female,648-366-7447
383,384,Gabe,Strange,gstrangean@noaa.gov,Male,370-200-5612
384,385,Rosmunda,Feldman,rfeldmanao@youku.com,Female,964-102-8904
385,386,Huey,Foch,hfochap@jigsy.com,Male,360-607-6490
386,387,Cookie,Suttling,csuttlingaq@nasa.gov,Female,159-389-7240
387,388,Casar,Scheffler,cschefflerar@washington.edu,Male,913-644-5685
388,389,Prentice,Ply,pplyas@pbs.org,Male,714-431-1672
389,390,Smitty,Spellacy,sspellacyat@yellowpages.com,Male,873-244-7051
390,391,Eugene,Silverthorne,esilverthorneau@craigslist.org,Male,199-769-4287
391,392,Morly,Dubery,mduberyav@seattletimes.com,Male,392-670-5105
392,393,Jimmie,Huggen,jhuggenaw@domainmarket.com,Male,633-282-9902
393,394,Maximilian,Forshaw,mforshawax@theguardian.com,Male,460-680-6038
394,395,Saunders,Sekulla,ssekullaay@mozilla.org,Male,879-970-1454
395,396,Joel,Rattenberie,jrattenberieaz@marriott.com,Male,629-721-1608
396,397,Caddric,Drayton,cdraytonb0@mayoclinic.com,Male,435-724-7741
397,398,Dimitry,Killingback,dkillingbackb1@icq.com,Male,494-761-1729
398,399,Lind,Croxton,lcroxtonb2@npr.org,Female,514-794-6348
399,400,Alonzo,Garrigan,agarriganb3@yelp.com,Male,937-505-1536
400,401,Marcela,Zaple,mzapleb4@example.com,Female,920-789-9738
401,402,Angelico,Mazella,amazellab5@japanpost.jp,Male,488-767-2115
402,403,Eberto,Cumpton,ecumptonb6@cnet.com,Male,368-299-8977
403,404,Gordon,Plimmer,gplimmerb7@macromedia.com,Male,580-344-5718
404,405,Timothee,Restill,trestillb8@jalbum.net,Male,416-708-4142
405,406,Dex,Deely,ddeelyb9@jalbum.net,Male,669-727-2723
406,407,Shari,Ketchaside,sketchasideba@unc.edu,Female,638-585-5166
407,408,Corrie,Bessom,cbessombb@ovh.net,Female,799-378-7172
408,409,Dorthea,Littlekit,dlittlekitbc@alexa.com,Female,210-915-0438
409,410,Nikolaos,Brosoli,nbrosolibd@alexa.com,Male,364-579-6040
410,411,Tracy,Mandifield,tmandifieldbe@cocolog-nifty.com,Female,515-879-1881
411,412,Galvan,O'Cannavan,gocannavanbf@tinyurl.com,Male,703-877-7997
412,413,Heindrick,Odell,hodellbg@chron.com,Male,440-363-7040
413,414,Brynne,Merrett,bmerrettbh@slashdot.org,Female,642-932-8849
414,415,Queenie,Kinrade,qkinradebi@intel.com,Female,639-452-4776
415,416,Thebault,Cragoe,tcragoebj@people.com.cn,Male,333-432-8143
416,417,Janos,Chittem,jchittembk@stumbleupon.com,Male,307-658-5776
417,418,Aldis,Di Francesco,adifrancescobl@fc2.com,Male,694-116-5532
418,419,Davis,Scole,dscolebm@fema.gov,Male,428-775-1152
419,420,Valina,Sandlin,vsandlinbn@creativecommons.org,Female,883-584-6295
420,421,Miriam,Brookzie,mbrookziebo@constantcontact.com,Female,379-883-6603
421,422,Chantalle,Cornilli,ccornillibp@tripod.com,Female,689-663-3407
422,423,Emili,Ofen,eofenbq@woothemes.com,Female,329-398-9496
423,424,Ashlan,Curreen,acurreenbr@wix.com,Female,358-258-2098
424,425,Tracee,Paice,tpaicebs@gizmodo.com,Female,271-828-7652
425,426,Calypso,Willars,cwillarsbt@ox.ac.uk,Female,305-359-5373
426,427,Ron,Matias,rmatiasbu@bandcamp.com,Male,500-833-5987
427,428,Kerk,Couchman,kcouchmanbv@taobao.com,Male,116-859-6364
428,429,Julissa,Yandle,jyandlebw@rediff.com,Female,425-407-6465
429,430,Melly,Aldersea,malderseabx@moonfruit.com,Female,893-815-7224
430,431,Gilburt,Wakeham,gwakehamby@deliciousdays.com,Male,402-761-5523
431,432,Koenraad,Dyster,kdysterbz@unc.edu,Male,362-781-9047
432,433,Ethelda,Massenhove,emassenhovec0@lycos.com,Female,461-247-6741
433,434,Brooke,Aindriu,baindriuc1@opera.com,Female,290-320-1930
434,435,Allison,Iglesiaz,aiglesiazc2@diigo.com,Female,651-816-8030
435,436,Christian,Lippitt,clippittc3@youku.com,Male,477-963-5368
436,437,Dael,Janeway,djanewayc4@paginegialle.it,Male,187-262-8057
437,438,Nicolina,Eloi,neloic5@house.gov,Female,243-239-5481
438,439,Julianna,Wharmby,jwharmbyc6@ezinearticles.com,Female,477-582-3071
439,440,Linnet,Corah,lcorahc7@upenn.edu,Female,505-331-7212
440,441,Essie,Gude,egudec8@blinklist.com,Female,994-553-1257
441,442,Xymenes,Gemson,xgemsonc9@disqus.com,Male,563-546-4258
442,443,Katherina,Doman,kdomanca@ning.com,Female,471-852-6801
443,444,Eartha,O'Hallagan,eohallagancb@surveymonkey.com,Female,367-320-0485
444,445,Rachel,Earley,rearleycc@economist.com,Female,632-558-1411
445,446,Laure,Vasilechko,lvasilechkocd@google.ru,Female,853-161-9301
446,447,Fidelio,Potte,fpottece@pcworld.com,Male,799-504-8392
447,448,Carolynn,Cresswell,ccresswellcf@uiuc.edu,Female,458-413-1509
448,449,Bernie,Ebi,bebicg@wikipedia.org,Female,556-607-7620
449,450,Rachele,Stracey,rstraceych@deviantart.com,Female,861-833-7722
450,451,Malissa,Rosser,mrosserci@smh.com.au,Female,104-588-5524
451,452,Milo,Darlington,mdarlingtoncj@ca.gov,Male,817-822-1175
452,453,Ezri,McEnhill,emcenhillck@t.co,Male,316-595-9825
453,454,Aymer,Libbe,alibbecl@google.es,Male,597-180-8893
454,455,Ellis,Yoodall,eyoodallcm@linkedin.com,Male,177-951-1221
455,456,Quintana,Dicey,qdiceycn@intel.com,Female,498-391-0035
456,457,Cal,Ionn,cionnco@epa.gov,Male,803-723-3898
457,458,Teodoor,Micallef,tmicallefcp@tinyurl.com,Male,578-964-0154
458,459,Sunny,Manjin,smanjincq@pcworld.com,Male,579-275-5278
459,460,Dalila,Livings,dlivingscr@shinystat.com,Female,118-102-6669
460,461,Haily,Leipnik,hleipnikcs@unblog.fr,Male,153-666-8932
461,462,Denis,Carlick,dcarlickct@slashdot.org,Male,946-305-3627
462,463,Lisa,Beckinsall,lbeckinsallcu@house.gov,Female,730-804-8250
463,464,Olvan,Penberthy,openberthycv@live.com,Male,721-377-2247
464,465,Heddie,Calderhead,hcalderheadcw@nba.com,Female,603-960-0227
465,466,Gino,Beiderbeck,gbeiderbeckcx@xing.com,Male,186-115-0705
466,467,Minnaminnie,Radeliffe,mradeliffecy@taobao.com,Female,827-627-7738
467,468,Wat,Snozzwell,wsnozzwellcz@unicef.org,Male,646-492-9392
468,469,Vanya,Stellman,vstellmand0@pbs.org,Female,264-799-6045
469,470,Kendricks,Camis,kcamisd1@indiegogo.com,Male,135-702-0807
470,471,Roy,Seaton,rseatond2@cpanel.net,Male,547-599-0463
471,472,Lorrayne,Bengoechea,lbengoechead3@4shared.com,Female,754-206-0664
472,473,Suellen,O'Connell,soconnelld4@feedburner.com,Female,406-101-9871
473,474,Clemens,Baudinelli,cbaudinellid5@multiply.com,Male,114-958-9824
474,475,Hasheem,Bowerman,hbowermand6@myspace.com,Male,691-344-0979
475,476,Thaddus,Maywood,tmaywoodd7@tinypic.com,Male,313-463-5190
476,477,Crysta,Chance,cchanced8@mail.ru,Female,747-740-1940
477,478,Syman,Matt,smattd9@go.com,Male,909-544-9657
478,479,Evyn,Runnett,erunnettda@rediff.com,Male,465-797-7881
479,480,Jessee,Bricham,jbrichamdb@istockphoto.com,Male,701-208-9397
480,481,Bride,Schimoni,bschimonidc@yale.edu,Female,178-484-7500
481,482,Lulu,Bowdon,lbowdondd@twitpic.com,Female,843-372-0690
482,483,Stephen,Trimme,strimmede@samsung.com,Male,208-910-3828
483,484,Hill,Martine,hmartinedf@slate.com,Male,555-676-7567
484,485,Shellie,Casaccia,scasacciadg@archive.org,Female,880-273-6296
485,486,Emanuel,Penlington,epenlingtondh@wikimedia.org,Male,366-349-5170
486,487,Lorianne,Trigwell,ltrigwelldi@youku.com,Female,266-897-0718
487,488,Katti,Prinn,kprinndj@europa.eu,Female,189-348-8387
488,489,Meir,Gilardengo,mgilardengodk@bigcartel.com,Male,463-692-3412
489,490,Granthem,O'Flaherty,goflahertydl@webeden.co.uk,Male,253-293-5232
490,491,Benedetto,Miranda,bmirandadm@wufoo.com,Male,223-558-9483
491,492,Abbot,Opfer,aopferdn@berkeley.edu,Male,322-525-2577
492,493,Zarah,Cullabine,zcullabinedo@vimeo.com,Female,371-914-3627
493,494,Bondie,Stiegars,bstiegarsdp@cafepress.com,Male,784-894-9825
494,495,Maridel,Ringrose,mringrosedq@dailymail.co.uk,Female,621-808-6938
495,496,Wilma,Mohamed,wmohameddr@nymag.com,Female,555-535-0581
496,497,Hermon,Peffer,hpefferds@joomla.org,Male,773-915-6707
497,498,Rossie,Wreakes,rwreakesdt@biblegateway.com,Male,869-111-0789
498,499,Ilka,Priter,ipriterdu@seesaa.net,Female,988-820-7999
499,500,Englebert,Dummett,edummettdv@nasa.gov,Male,546-917-4419
500,501,Pepi,Fullard,pfullarddw@cnbc.com,Female,314-503-9425
501,502,Renaud,Lamputt,rlamputtdx@gravatar.com,Male,293-756-8622
502,503,Eleonora,Gaitone,egaitonedy@flickr.com,Female,749-891-3193
503,504,Oran,Stranaghan,ostranaghandz@liveinternet.ru,Male,979-721-0451
504,505,Cristobal,Pawden,cpawdene0@whitehouse.gov,Male,606-454-5760
505,506,Pet,Shulem,pshuleme1@ocn.ne.jp,Female,260-699-1141
506,507,Bendix,Tollow,btollowe2@census.gov,Male,906-696-3815
507,508,Olvan,Gages,ogagese3@slashdot.org,Male,242-460-0092
508,509,Wendye,Gritsaev,wgritsaeve4@example.com,Female,530-140-3566
509,510,Arabela,Esland,aeslande5@fema.gov,Female,348-770-7356
510,511,Louis,Pymer,lpymere6@cargocollective.com,Male,735-140-4822
511,512,Allene,Korfmann,akorfmanne7@elegantthemes.com,Female,485-684-7026
512,513,Analise,Heatley,aheatleye8@g.co,Female,935-479-1124
513,514,Forrest,Penreth,fpenrethe9@bloomberg.com,Male,942-412-3851
514,515,Ario,Scandrite,ascandriteea@arstechnica.com,Male,862-373-7998
515,516,Gwendolyn,Holley,gholleyeb@walmart.com,Female,807-540-8517
516,517,Evangeline,Kluge,eklugeec@indiegogo.com,Female,931-349-6275
517,518,Mandi,Feldberger,mfeldbergered@dailymotion.com,Female,578-960-9771
518,519,Chic,Tatersale,ctatersaleee@bandcamp.com,Male,827-861-9964
519,520,Nealson,Pyson,npysonef@wordpress.com,Male,781-527-2136
520,521,Milt,De Cruce,mdecruceeg@gnu.org,Male,175-149-8633
521,522,Reina,McArt,rmcarteh@admin.ch,Female,530-144-9961
522,523,Enid,Medmore,emedmoreei@sphinn.com,Female,269-322-9213
523,524,Maurits,Skoate,mskoateej@apple.com,Male,658-872-8262
524,525,Marci,Walesby,mwalesbyek@flavors.me,Female,775-370-5726
525,526,Wit,Ivanchikov,wivanchikovel@github.com,Male,355-457-3995
526,527,Lara,Dripp,ldrippem@symantec.com,Female,595-880-0485
527,528,Judith,Kimbly,jkimblyen@sourceforge.net,Female,182-138-8684
528,529,Dalenna,Yarham,dyarhameo@shareasale.com,Female,499-371-5487
529,530,Ronica,Carlesso,rcarlessoep@phoca.cz,Female,122-230-7867
530,531,Marinna,Duchan,mduchaneq@purevolume.com,Female,219-712-1716
531,532,Rex,Dubose,rduboseer@plala.or.jp,Male,562-312-2738
532,533,Marabel,Waitland,mwaitlandes@psu.edu,Female,879-625-6508
533,534,Thadeus,Hauxley,thauxleyet@baidu.com,Male,566-907-2594
534,535,Daloris,Yallop,dyallopeu@smh.com.au,Female,786-130-1608
535,536,Carrie,Bogey,cbogeyev@alexa.com,Female,651-258-5555
536,537,Baryram,Gorelli,bgorelliew@ebay.co.uk,Male,944-225-9095
537,538,Ruthanne,Sea,rseaex@craigslist.org,Female,770-119-7459
538,539,Leroi,Wheelwright,lwheelwrightey@yahoo.co.jp,Male,964-881-7278
539,540,Clareta,Geyton,cgeytonez@disqus.com,Female,916-543-1482
540,541,Evan,Caron,ecaronf0@pen.io,Male,618-605-2061
541,542,Jarrad,Berford,jberfordf1@4shared.com,Male,859-276-4430
542,543,Arch,Aldwich,aaldwichf2@themeforest.net,Male,356-396-0734
543,544,Marlena,Bradbury,mbradburyf3@pagesperso-orange.fr,Female,666-508-4805
544,545,Angelika,Whatman,awhatmanf4@washington.edu,Female,771-760-4729
545,546,Maurie,Pothergill,mpothergillf5@jiathis.com,Male,854-829-1486
546,547,Jeanette,Dudleston,jdudlestonf6@livejournal.com,Female,639-864-2236
547,548,Elissa,Gong,egongf7@amazon.co.uk,Female,521-556-7208
548,549,Hyacintha,Armatidge,harmatidgef8@utexas.edu,Female,658-289-5165
549,550,Izabel,Attwoul,iattwoulf9@google.es,Female,612-931-4303
550,551,Garold,Hirthe,ghirthefa@diigo.com,Male,198-920-0203
551,552,Rudiger,Raccio,rracciofb@bloomberg.com,Male,579-170-4522
552,553,Urbanus,Foucard,ufoucardfc@nydailynews.com,Male,717-544-3857
553,554,Bruis,Brahms,bbrahmsfd@oakley.com,Male,526-247-1520
554,555,Kalli,Westwick,kwestwickfe@printfriendly.com,Female,611-420-1650
555,556,Eleonora,Smetoun,esmetounff@guardian.co.uk,Female,616-516-7101
556,557,Pancho,Craxford,pcraxfordfg@usatoday.com,Male,541-516-6821
557,558,Sandi,Mobley,smobleyfh@php.net,Female,315-716-2537
558,559,Angelika,McAuslene,amcauslenefi@chronoengine.com,Female,720-182-9542
559,560,Galvin,Murden,gmurdenfj@cmu.edu,Male,121-500-8882
560,561,Sargent,Barnsley,sbarnsleyfk@umn.edu,Male,986-224-2578
561,562,Humfrid,Filipychev,hfilipychevfl@tripadvisor.com,Male,868-560-5620
562,563,Nona,Basnall,nbasnallfm@fda.gov,Female,480-373-6920
563,564,Wright,Dorset,wdorsetfn@mac.com,Male,183-209-9961
564,565,Dwain,Alwood,dalwoodfo@sfgate.com,Male,341-479-2647
565,566,Charlotte,Townend,ctownendfp@zdnet.com,Female,608-733-3925
566,567,Jamima,Matveyev,jmatveyevfq@newyorker.com,Female,435-743-4972
567,568,Jewel,Lorence,jlorencefr@furl.net,Female,340-101-1401
568,569,Shalna,Ashfold,sashfoldfs@shinystat.com,Female,123-821-8663
569,570,Trix,Gladwell,tgladwellft@sogou.com,Female,645-149-2393
570,571,Devlen,Pollen,dpollenfu@cbsnews.com,Male,558-248-5113
571,572,Benjie,Eckh,beckhfv@mozilla.org,Male,525-785-2916
572,573,Hinda,Sandall,hsandallfw@pbs.org,Female,662-965-6419
573,574,Bucky,Got,bgotfx@shutterfly.com,Male,188-916-9773
574,575,Bank,Isaacson,bisaacsonfy@mail.ru,Male,181-854-6489
575,576,Andromache,Peckitt,apeckittfz@spiegel.de,Female,481-358-7527
576,577,Celestina,Henderson,chendersong0@mayoclinic.com,Female,641-395-6544
577,578,Mose,Thomsen,mthomseng1@taobao.com,Male,684-608-4185
578,579,Orelle,Kildea,okildeag2@dyndns.org,Female,380-590-9160
579,580,Granthem,Emmett,gemmettg3@g.co,Male,899-656-3079
580,581,Davis,Tamburi,dtamburig4@ustream.tv,Male,245-640-5994
581,582,Burg,Fitzsymon,bfitzsymong5@sfgate.com,Male,633-131-2501
582,583,Malissia,Inch,minchg6@mlb.com,Female,976-452-4454
583,584,Ted,Standbridge,tstandbridgeg7@shop-pro.jp,Male,953-638-8168
584,585,Dorry,Clynman,dclynmang8@cam.ac.uk,Female,136-980-6200
585,586,Doretta,Juschke,djuschkeg9@time.com,Female,234-453-1716
586,587,Garik,Berling,gberlingga@icq.com,Male,542-300-4112
587,588,Jackson,Gallyon,jgallyongb@fda.gov,Male,243-446-0705
588,589,Genevieve,Lindenstrauss,glindenstraussgc@tripod.com,Female,620-529-6431
589,590,Franciskus,Hitzke,fhitzkegd@narod.ru,Male,740-299-2083
590,591,Pia,Heaker,pheakerge@facebook.com,Female,272-916-9942
591,592,Pepillo,Allanby,pallanbygf@who.int,Male,261-275-6960
592,593,Lilian,Cookman,lcookmangg@hexun.com,Female,821-942-9533
593,594,Kassandra,Pagen,kpagengh@vistaprint.com,Female,316-822-2642
594,595,Selinda,Thomlinson,sthomlinsongi@indiatimes.com,Female,595-842-6938
595,596,Talia,Baumann,tbaumanngj@gnu.org,Female,906-637-2679
596,597,Margarete,Grimsdale,mgrimsdalegk@seattletimes.com,Female,280-700-0232
597,598,Nicoline,Crutcher,ncrutchergl@delicious.com,Female,521-816-3762
598,599,Simonne,Kenvin,skenvingm@mozilla.org,Female,857-321-4393
599,600,Cristin,Reary,crearygn@indiegogo.com,Female,560-264-1808
600,601,Nataniel,Jacobsen,njacobsengo@seesaa.net,Male,485-611-9002
601,602,Astrid,Keepe,akeepegp@cocolog-nifty.com,Female,376-679-3675
602,603,Mick,Thornebarrow,mthornebarrowgq@feedburner.com,Male,367-465-8910
603,604,Patricia,Quemby,pquembygr@indiegogo.com,Female,427-182-6301
604,605,Hagen,Fulcher,hfulchergs@icq.com,Male,739-853-8812
605,606,Walsh,McDonogh,wmcdonoghgt@devhub.com,Male,517-138-3473
606,607,Wendel,Rapley,wrapleygu@xrea.com,Male,383-276-7244
607,608,Chaim,Rountree,crountreegv@smh.com.au,Male,207-286-5280
608,609,Tedda,Duggan,tduggangw@independent.co.uk,Female,633-184-4821
609,610,Shay,Shoubridge,sshoubridgegx@virginia.edu,Female,488-136-2789
610,611,Camile,McClenaghan,cmcclenaghangy@umn.edu,Female,802-122-9940
611,612,Shea,Brownlee,sbrownleegz@shop-pro.jp,Female,797-449-9273
612,613,Filbert,Musker,fmuskerh0@e-recht24.de,Male,957-885-4069
613,614,Helen-elizabeth,Buntine,hbuntineh1@dagondesign.com,Female,254-459-9187
614,615,Michal,Elcoate,melcoateh2@google.it,Female,453-536-6223
615,616,Simonette,Hymer,shymerh3@biglobe.ne.jp,Female,902-606-7938
616,617,Kamila,Allbones,kallbonesh4@dagondesign.com,Female,135-642-7487
617,618,Latisha,Snoden,lsnodenh5@altervista.org,Female,178-887-7016
618,619,Fania,Blunsden,fblunsdenh6@examiner.com,Female,763-932-4138
619,620,Bartlett,Amyes,bamyesh7@goo.gl,Male,565-368-3815
620,621,Kirstyn,Pilkinton,kpilkintonh8@uol.com.br,Female,848-991-7739
621,622,Alisa,Lacasa,alacasah9@xrea.com,Female,622-816-2853
622,623,Pat,Ciotti,pciottiha@parallels.com,Male,228-193-6534
623,624,Gill,Barney,gbarneyhb@springer.com,Male,457-513-6713
624,625,Kippar,Dog,kdoghc@shop-pro.jp,Male,671-892-3982
625,626,Porter,Culpen,pculpenhd@usgs.gov,Male,576-243-0790
626,627,Marge,Croy,mcroyhe@surveymonkey.com,Female,267-452-0950
627,628,Rachele,Sanderson,rsandersonhf@facebook.com,Female,695-118-9477
628,629,Meredithe,Cardenosa,mcardenosahg@seesaa.net,Female,824-824-0235
629,630,Saba,Jessopp,sjessopphh@weather.com,Female,665-853-9116
630,631,Bibbie,Wethered,bwetheredhi@163.com,Female,752-669-5833
631,632,Ailina,Lethabridge,alethabridgehj@seesaa.net,Female,773-545-3724
632,633,Elisa,Isitt,eisitthk@acquirethisname.com,Female,263-101-3264
633,634,Arabelle,Clarycott,aclarycotthl@jalbum.net,Female,157-784-0356
634,635,Siward,Merriman,smerrimanhm@fda.gov,Male,712-609-2473
635,636,Marja,Lacer,mlacerhn@amazonaws.com,Female,211-408-5874
636,637,Stan,Berni,sberniho@1und1.de,Male,195-853-6603
637,638,Crin,O'Dempsey,codempseyhp@tamu.edu,Female,232-248-7491
638,639,Ellis,Di Boldi,ediboldihq@google.com.br,Male,144-950-3071
639,640,Roze,Bradbury,rbradburyhr@nsw.gov.au,Female,256-654-5508
640,641,Hattie,Dominique,hdominiquehs@youtube.com,Female,473-584-7456
641,642,Kaja,Saunper,ksaunperht@house.gov,Female,391-432-2492
642,643,Else,Bewfield,ebewfieldhu@taobao.com,Female,194-900-9675
643,644,Corinna,Vesty,cvestyhv@w3.org,Female,224-793-2790
644,645,Link,Berrane,lberranehw@dot.gov,Male,350-335-7285
645,646,Lora,Prestney,lprestneyhx@simplemachines.org,Female,342-302-7852
646,647,Bebe,Pimer,bpimerhy@blogspot.com,Female,498-957-0369
647,648,Blondie,Neumann,bneumannhz@imgur.com,Female,782-601-7116
648,649,Kare,Ahrendsen,kahrendseni0@mtv.com,Female,126-191-7724
649,650,Gabriell,Skade,gskadei1@cocolog-nifty.com,Female,251-465-7293
650,651,Siana,Schubart,sschubarti2@alibaba.com,Female,327-236-0323
651,652,Derrek,Willson,dwillsoni3@meetup.com,Male,590-219-0172
652,653,Ambrose,Bischop,abischopi4@google.cn,Male,361-974-5645
653,654,Aleksandr,McMillian,amcmilliani5@scribd.com,Male,312-937-2108
654,655,Thalia,Stops,tstopsi6@webnode.com,Female,681-814-5796
655,656,Dora,Springham,dspringhami7@earthlink.net,Female,934-620-3296
656,657,Tripp,Dabell,tdabelli8@xinhuanet.com,Male,560-771-3271
657,658,Kevin,Ethelstone,kethelstonei9@soundcloud.com,Male,358-979-0660
658,659,Osgood,Bowe,oboweia@apple.com,Male,216-703-9074
659,660,Gib,Smithin,gsmithinib@mediafire.com,Male,386-237-0661
660,661,Rudiger,Keasy,rkeasyic@cbc.ca,Male,978-941-6081
661,662,Timmie,Hoovart,thoovartid@businesswire.com,Female,535-953-7557
662,663,Emmery,Marusic,emarusicie@tripadvisor.com,Male,984-247-8832
663,664,Patton,Nolot,pnolotif@clickbank.net,Male,644-984-8964
664,665,Barbabas,Whapham,bwhaphamig@hp.com,Male,698-999-5883
665,666,Gabriel,Clutram,gclutramih@geocities.jp,Male,271-161-5530
666,667,Winthrop,Noden,wnodenii@virginia.edu,Male,223-984-4238
667,668,Eugen,Neave,eneaveij@uol.com.br,Male,971-612-9762
668,669,Mattheus,Murtagh,mmurtaghik@i2i.jp,Male,876-258-3952
669,670,Ealasaid,Ohms,eohmsil@jugem.jp,Female,285-225-0075
670,671,Chery,Focke,cfockeim@go.com,Female,278-574-3532
671,672,Cherye,Reisen,creisenin@networkadvertising.org,Female,366-800-7093
672,673,Lay,Barnbrook,lbarnbrookio@joomla.org,Male,778-416-5093
673,674,Penrod,Fendt,pfendtip@oaic.gov.au,Male,349-671-7456
674,675,Maye,Grennan,mgrennaniq@gnu.org,Female,868-403-0145
675,676,Aube,Betjeman,abetjemanir@jiathis.com,Male,378-319-9719
676,677,Pincas,Moffett,pmoffettis@sfgate.com,Male,273-468-0355
677,678,Malvin,Batkin,mbatkinit@goo.gl,Male,552-856-4824
678,679,Ricardo,Berriball,rberriballiu@issuu.com,Male,717-944-2922
679,680,Inesita,Entwisle,ientwisleiv@ucsd.edu,Female,579-508-4958
680,681,Cameron,Eliez,celieziw@arizona.edu,Male,968-342-8775
681,682,Addi,Moatt,amoattix@mlb.com,Female,271-943-2315
682,683,Sibby,Stollberger,sstollbergeriy@sciencedirect.com,Female,603-428-2231
683,684,Marshall,Hellings,mhellingsiz@com.com,Male,939-810-4673
684,685,Corny,Hessel,chesselj0@mac.com,Male,684-669-0401
685,686,Hewe,Banbrigge,hbanbriggej1@yellowbook.com,Male,378-203-0278
686,687,Jordan,Brotherhed,jbrotherhedj2@quantcast.com,Male,444-113-6876
687,688,Izak,Lumly,ilumlyj3@illinois.edu,Male,923-737-9100
688,689,Raynell,Slany,rslanyj4@nba.com,Female,926-865-8126
689,690,Moses,Pawelek,mpawelekj5@microsoft.com,Male,824-821-7709
690,691,Pooh,Dank,pdankj6@jigsy.com,Male,888-245-3616
691,692,Aleen,Britland,abritlandj7@businesswire.com,Female,805-253-8305
692,693,Bidget,Baukham,bbaukhamj8@google.es,Female,983-605-2218
693,694,Devinne,Shropsheir,dshropsheirj9@time.com,Female,342-602-2441
694,695,Bentley,Maple,bmapleja@reddit.com,Male,418-110-5316
695,696,Ree,Grimmett,rgrimmettjb@xing.com,Female,613-704-6724
696,697,Guendolen,Tennock,gtennockjc@simplemachines.org,Female,797-548-4837
697,698,Susette,Saby,ssabyjd@utexas.edu,Female,251-676-5288
698,699,Helene,Boat,hboatje@netvibes.com,Female,681-587-0607
699,700,Tye,Samber,tsamberjf@tinyurl.com,Male,540-249-2959
700,701,Nils,Burner,nburnerjg@slideshare.net,Male,233-485-3735
701,702,Dorette,Drew,ddrewjh@vkontakte.ru,Female,908-215-6168
702,703,Dorris,Szreter,dszreterji@nhs.uk,Female,527-457-1518
703,704,Titos,Jaegar,tjaegarjj@unblog.fr,Male,574-225-6989
704,705,Rhett,Blunkett,rblunkettjk@msn.com,Male,195-421-7066
705,706,Nester,Fellgett,nfellgettjl@lycos.com,Male,430-644-5451
706,707,Kirbie,Callard,kcallardjm@tinyurl.com,Female,102-302-8042
707,708,Carry,Shilstone,cshilstonejn@xing.com,Female,663-991-8665
708,709,Dallis,Twaite,dtwaitejo@unesco.org,Male,144-575-9836
709,710,Arlan,Redmille,aredmillejp@state.gov,Male,695-504-4283
710,711,Winna,Corbishley,wcorbishleyjq@hud.gov,Female,654-567-9286
711,712,Leyla,Heskins,lheskinsjr@blogspot.com,Female,475-277-8640
712,713,Brok,Blagden,bblagdenjs@fc2.com,Male,216-188-4408
713,714,Shayne,Stryde,sstrydejt@istockphoto.com,Male,563-973-1041
714,715,Hildegarde,Rue,hrueju@icq.com,Female,601-669-4422
715,716,Al,Aleksic,aaleksicjv@usnews.com,Male,943-300-5556
716,717,Bob,Gookey,bgookeyjw@studiopress.com,Male,270-822-2268
717,718,Lesly,Climie,lclimiejx@freewebs.com,Female,881-305-5021
718,719,Leanna,Rafe,lrafejy@dailymotion.com,Female,425-570-9925
719,720,Franky,Riggott,friggottjz@aboutads.info,Female,747-300-5948
720,721,Gabriele,Wiltshier,gwiltshierk0@typepad.com,Male,687-997-6289
721,722,Chalmers,Whye,cwhyek1@histats.com,Male,851-724-7979
722,723,Molli,Pernell,mpernellk2@google.ca,Female,827-862-4079
723,724,Davy,Skelhorne,dskelhornek3@google.com.au,Male,604-645-0062
724,725,Connie,Billanie,cbillaniek4@ucla.edu,Male,255-633-1064
725,726,Dosi,Alcoran,dalcorank5@mac.com,Female,779-154-5354
726,727,Harmonie,Blight,hblightk6@yahoo.co.jp,Female,759-223-3725
727,728,Eamon,Broomhead,ebroomheadk7@behance.net,Male,171-962-3983
728,729,Auberon,Denson,adensonk8@illinois.edu,Male,713-777-4105
729,730,Carmelle,Band,cbandk9@businessweek.com,Female,392-790-4752
730,731,Jard,Trayton,jtraytonka@weather.com,Male,743-401-1417
731,732,Weber,Parmley,wparmleykb@exblog.jp,Male,448-887-6436
732,733,Missie,Dunkerley,mdunkerleykc@nytimes.com,Female,324-498-7815
733,734,Tony,Boar,tboarkd@shop-pro.jp,Female,132-206-1227
734,735,Lorilyn,Undy,lundyke@odnoklassniki.ru,Female,467-434-6667
735,736,Herman,Hiscoe,hhiscoekf@dailymotion.com,Male,463-784-3696
736,737,Izabel,Morehall,imorehallkg@amazon.co.uk,Female,487-634-2041
737,738,Loretta,Duffit,lduffitkh@comcast.net,Female,166-217-9626
738,739,Audi,Giral,agiralki@webs.com,Female,247-860-1227
739,740,Albertina,Loachhead,aloachheadkj@reddit.com,Female,465-347-6966
740,741,Ddene,Bernier,dbernierkk@globo.com,Female,399-685-1951
741,742,Hillel,Feldbrin,hfeldbrinkl@sbwire.com,Male,614-680-4947
742,743,Linnell,Falkinder,lfalkinderkm@spiegel.de,Female,535-219-0376
743,744,Corby,Triggs,ctriggskn@opera.com,Male,900-647-0914
744,745,Ivie,Stanesby,istanesbyko@angelfire.com,Female,634-141-1160
745,746,Joan,Featherstone,jfeatherstonekp@joomla.org,Female,991-215-4546
746,747,Lorry,Trusse,ltrussekq@comcast.net,Male,257-846-3796
747,748,Juline,Priden,jpridenkr@geocities.com,Female,913-909-5396
748,749,Saunders,Cossom,scossomks@php.net,Male,886-321-8671
749,750,Darsey,Atcherley,datcherleykt@topsy.com,Female,883-485-6514
750,751,Tabbi,Bairstow,tbairstowku@google.nl,Female,808-127-7464
751,752,Jerrylee,Humbatch,jhumbatchkv@skype.com,Female,499-266-5794
752,753,Emlyn,Moreno,emorenokw@npr.org,Female,787-611-3329
753,754,Cloris,Grimwood,cgrimwoodkx@examiner.com,Female,218-988-0330
754,755,Kimberli,Crutcher,kcrutcherky@jigsy.com,Female,454-532-4737
755,756,Katherine,Shitliff,kshitliffkz@pen.io,Female,532-171-0020
756,757,Tann,Nairns,tnairnsl0@cornell.edu,Male,155-706-0980
757,758,Tito,Baynes,tbaynesl1@whitehouse.gov,Male,851-377-5343
758,759,Noam,Lovelace,nlovelacel2@tinypic.com,Male,143-787-1036
759,760,Ariel,Hillborne,ahillbornel3@goo.ne.jp,Female,520-690-6273
760,761,Germaine,Cassel,gcassell4@usa.gov,Female,968-205-6386
761,762,Lowrance,Gonnely,lgonnelyl5@taobao.com,Male,375-494-6498
762,763,Stormy,Neller,snellerl6@sciencedirect.com,Female,241-960-8018
763,764,Rhianna,Andryushchenko,randryushchenkol7@eepurl.com,Female,284-230-1857
764,765,Rosella,Quakley,rquakleyl8@qq.com,Female,471-350-9359
765,766,Alexis,Kirkam,akirkaml9@reverbnation.com,Male,259-855-2148
766,767,Bartholomeus,Creddon,bcreddonla@skype.com,Male,815-964-6419
767,768,Elaina,Benwell,ebenwelllb@paypal.com,Female,533-164-6166
768,769,Meta,Brewins,mbrewinslc@360.cn,Female,913-265-0417
769,770,Bax,Folker,bfolkerld@gravatar.com,Male,661-702-8787
770,771,Katrina,Ouldcott,kouldcottle@tripadvisor.com,Female,856-933-9237
771,772,Hugh,Cure,hcurelf@cloudflare.com,Male,530-783-8248
772,773,Onfre,Corday,ocordaylg@friendfeed.com,Male,571-998-2205
773,774,Shellie,Kundert,skundertlh@instagram.com,Female,433-443-5082
774,775,Pattie,Dredge,pdredgeli@reuters.com,Male,210-271-7781
775,776,Yorgo,Sprott,ysprottlj@homestead.com,Male,488-915-0845
776,777,Pauly,Carnegy,pcarnegylk@cnn.com,Female,844-654-6098
777,778,Eleonore,Wawer,ewawerll@hugedomains.com,Female,850-755-4598
778,779,Humfrid,Chatelet,hchateletlm@cisco.com,Male,387-973-4630
779,780,Birgitta,Gyngyll,bgyngyllln@ask.com,Female,542-569-0080
780,781,Christian,Dionisetti,cdionisettilo@google.com.br,Male,711-265-0681
781,782,Charla,Andrews,candrewslp@bloglovin.com,Female,717-749-6628
782,783,Sibeal,Berriball,sberriballlq@amazonaws.com,Female,982-737-3459
783,784,Elysia,Studde,estuddelr@wunderground.com,Female,979-917-5732
784,785,Mariejeanne,Mouget,mmougetls@admin.ch,Female,680-138-6111
785,786,Kial,Shellsheere,kshellsheerelt@blogs.com,Female,962-463-3728
786,787,Ebonee,Shafto,eshaftolu@businesswire.com,Female,593-482-0238
787,788,Emera,Kovelmann,ekovelmannlv@google.com,Female,656-430-2371
788,789,Ody,Salan,osalanlw@mozilla.com,Male,600-539-6411
789,790,Cristin,Mouser,cmouserlx@reference.com,Female,818-494-3650
790,791,Nevins,Duker,ndukerly@sohu.com,Male,351-389-8944
791,792,Ode,Dodshun,ododshunlz@tuttocitta.it,Male,726-330-4911
792,793,Creight,Frid,cfridm0@unicef.org,Male,493-196-6196
793,794,Billy,Adamec,badamecm1@etsy.com,Male,731-546-1525
794,795,Barton,Preuvost,bpreuvostm2@cmu.edu,Male,763-922-3939
795,796,Sinclare,Ruffy,sruffym3@opera.com,Male,658-669-9210
796,797,Mannie,Brill,mbrillm4@google.de,Male,353-468-9601
797,798,Myrtia,Schlagtmans,mschlagtmansm5@taobao.com,Female,321-752-6756
798,799,Jemima,Behn,jbehnm6@nbcnews.com,Female,923-469-5552
799,800,Delbert,Kingdon,dkingdonm7@vistaprint.com,Male,294-469-3068
800,801,Andree,Noel,anoelm8@netscape.com,Female,149-534-0634
801,802,Oralle,Lannon,olannonm9@hud.gov,Female,754-739-0478
802,803,Urban,Attrie,uattriema@google.it,Male,323-181-7440
803,804,Amberly,Riccard,ariccardmb@dailymail.co.uk,Female,483-966-4693
804,805,Ilyse,Kobpal,ikobpalmc@hugedomains.com,Female,159-308-5836
805,806,Elaina,Mitchell,emitchellmd@qq.com,Female,671-605-1892
806,807,Drusy,Raraty,draratyme@plala.or.jp,Female,135-997-8733
807,808,Adriane,Dallison,adallisonmf@usatoday.com,Female,630-969-5017
808,809,Burty,Antonat,bantonatmg@google.es,Male,497-446-3638
809,810,Gianni,Scott,gscottmh@baidu.com,Male,988-630-3562
810,811,Carmelina,Tidder,ctiddermi@whitehouse.gov,Female,105-355-4046
811,812,Dorry,Arens,darensmj@parallels.com,Female,920-677-0236
812,813,Darci,Ammer,dammermk@ebay.com,Female,646-494-4277
813,814,Lindsey,Meddick,lmeddickml@statcounter.com,Female,476-124-4197
814,815,Waiter,Margram,wmargrammm@discuz.net,Male,471-348-5786
815,816,Dorita,Wetwood,dwetwoodmn@unicef.org,Female,918-451-9396
816,817,Lu,Stoppe,lstoppemo@pcworld.com,Female,714-895-2352
817,818,Loni,Cray,lcraymp@mozilla.org,Female,934-243-1543
818,819,Melinda,Enrico,menricomq@samsung.com,Female,904-581-0053
819,820,Mercie,Izakov,mizakovmr@hexun.com,Female,449-994-6886
820,821,Haily,Woodus,hwoodusms@mapy.cz,Male,900-410-6225
821,822,Sergio,Charity,scharitymt@photobucket.com,Male,875-967-1456
822,823,Hilario,Steeden,hsteedenmu@wikimedia.org,Male,730-791-6489
823,824,Peter,Labden,plabdenmv@stumbleupon.com,Male,561-508-5404
824,825,Nolie,Eggerton,neggertonmw@ask.com,Female,122-102-6732
825,826,Yasmeen,Clegg,ycleggmx@imdb.com,Female,701-401-0107
826,827,Paddie,Eldershaw,peldershawmy@typepad.com,Male,135-809-3128
827,828,Garret,Birts,gbirtsmz@jimdo.com,Male,752-121-1250
828,829,Brit,Foran,bforann0@newsvine.com,Male,927-857-3439
829,830,Murvyn,Peschke,mpeschken1@cocolog-nifty.com,Male,122-695-7076
830,831,Dwain,Bowhey,dbowheyn2@about.me,Male,426-309-3220
831,832,Quincy,Nissle,qnisslen3@yahoo.com,Male,853-522-7047
832,833,Juanita,Tupling,jtuplingn4@creativecommons.org,Female,540-866-0122
833,834,Star,Farlam,sfarlamn5@yolasite.com,Female,142-426-6699
834,835,Karin,Mariolle,kmariollen6@issuu.com,Female,800-286-3707
835,836,Itch,Caurah,icaurahn7@indiegogo.com,Male,527-891-1832
836,837,Iago,Kaaskooper,ikaaskoopern8@multiply.com,Male,101-813-3473
837,838,Benny,Harrad,bharradn9@mayoclinic.com,Female,932-132-3846
838,839,Aloise,Redferne,aredfernena@slashdot.org,Female,714-414-3096
839,840,Sunny,Matiashvili,smatiashvilinb@mozilla.com,Female,618-446-3183
840,841,Ruthanne,Riddle,rriddlenc@examiner.com,Female,605-980-2458
841,842,Cathleen,Hasnip,chasnipnd@utexas.edu,Female,577-304-5727
842,843,Parrnell,Foye,pfoyene@hp.com,Male,399-214-5328
843,844,Rasla,Landon,rlandonnf@reuters.com,Female,928-532-6042
844,845,Raine,Verring,rverringng@independent.co.uk,Female,294-801-3741
845,846,Tabbie,MacInherney,tmacinherneynh@theglobeandmail.com,Male,872-251-1327
846,847,Bonnibelle,Shervil,bshervilni@guardian.co.uk,Female,677-967-9136
847,848,Brod,Kiehnlt,bkiehnltnj@meetup.com,Male,461-665-6500
848,849,Sergio,Troyes,stroyesnk@yolasite.com,Male,909-364-4644
849,850,Llewellyn,Renvoise,lrenvoisenl@spotify.com,Male,290-949-1843
850,851,Morie,Livingston,mlivingstonnm@cargocollective.com,Male,927-474-1194
851,852,Bourke,Mushrow,bmushrownn@sciencedirect.com,Male,629-259-7589
852,853,Konstance,Kirgan,kkirganno@oracle.com,Female,608-921-4928
853,854,Sonya,Blackborne,sblackbornenp@soundcloud.com,Female,404-511-6893
854,855,Sandra,Tibald,stibaldnq@princeton.edu,Female,228-551-4254
855,856,Gregory,Semaine,gsemainenr@bloglines.com,Male,462-783-0882
856,857,Etheline,Minguet,eminguetns@edublogs.org,Female,359-676-5963
857,858,Florry,Jirak,fjiraknt@ucsd.edu,Female,748-464-4527
858,859,Regan,Laister,rlaisternu@zimbio.com,Male,166-951-9540
859,860,Deedee,Shutt,dshuttnv@amazonaws.com,Female,892-301-5412
860,861,Fayre,Kemmish,fkemmishnw@surveymonkey.com,Female,441-717-5908
861,862,Myra,Velte,mveltenx@aboutads.info,Female,487-291-4751
862,863,Micheil,Casellas,mcasellasny@pinterest.com,Male,248-839-6954
863,864,Nappy,Pietruszewicz,npietruszewicznz@mapquest.com,Male,333-560-5719
864,865,Christoforo,Marler,cmarlero0@last.fm,Male,568-735-4498
865,866,Zared,MacCague,zmaccagueo1@mapquest.com,Male,976-289-5429
866,867,Dorris,Thumim,dthumimo2@columbia.edu,Female,599-878-2389
867,868,Fayette,Abbatini,fabbatinio3@vkontakte.ru,Female,660-641-0705
868,869,Britt,Pavlenko,bpavlenkoo4@moonfruit.com,Male,511-263-3734
869,870,Diena,Sang,dsango5@yandex.ru,Female,888-603-1955
870,871,Cazzie,Simonian,csimoniano6@gnu.org,Male,878-327-6342
871,872,Humfried,Heaphy,hheaphyo7@aol.com,Male,130-207-2418
872,873,Alasdair,Hercules,aherculeso8@stumbleupon.com,Male,453-980-4918
873,874,Zonnya,Henrie,zhenrieo9@uol.com.br,Female,815-315-3609
874,875,Paula,Magenny,pmagennyoa@wix.com,Female,749-658-4621
875,876,Thomasine,Faughey,tfaugheyob@businessweek.com,Female,469-365-3447
876,877,Janeta,Cossem,jcossemoc@xing.com,Female,378-794-1870
877,878,Dallis,McCandie,dmccandieod@360.cn,Male,337-580-5122
878,879,Clevie,Kingsnoad,ckingsnoadoe@sitemeter.com,Male,201-246-8109
879,880,Rex,McLafferty,rmclaffertyof@upenn.edu,Male,363-844-6854
880,881,Mariam,Ramlot,mramlotog@homestead.com,Female,709-617-0860
881,882,Basilius,Dominiak,bdominiakoh@cam.ac.uk,Male,696-908-7518
882,883,Bryon,Lindegard,blindegardoi@ftc.gov,Male,463-396-7065
883,884,Aurore,Giddins,agiddinsoj@nytimes.com,Female,929-334-3331
884,885,Bryce,Gaffney,bgaffneyok@rambler.ru,Male,857-983-4218
885,886,Desmund,Atger,datgerol@wsj.com,Male,138-339-9845
886,887,Leone,Eye,leyeom@shareasale.com,Female,665-850-2164
887,888,Lanna,Bankhurst,lbankhurston@cnbc.com,Female,263-947-1420
888,889,Niels,McCotter,nmccotteroo@studiopress.com,Male,302-856-4791
889,890,Orin,Balharry,obalharryop@cmu.edu,Male,203-893-0970
890,891,Simonne,Hyne,shyneoq@go.com,Female,317-543-6146
891,892,Tish,Hassett,thassettor@php.net,Female,860-693-1249
892,893,Lishe,Hurdman,lhurdmanos@sun.com,Female,989-188-9776
893,894,Erhard,Barrington,ebarringtonot@cornell.edu,Male,346-487-0648
894,895,Alexia,Leaton,aleatonou@angelfire.com,Female,166-340-6498
895,896,Thurston,Matussov,tmatussovov@dell.com,Male,503-988-4401
896,897,Benito,Meldrum,bmeldrumow@europa.eu,Male,974-983-2986
897,898,Cozmo,Teasdale,cteasdaleox@irs.gov,Male,697-793-6568
898,899,Gwenni,St Clair,gstclairoy@moonfruit.com,Female,801-174-0518
899,900,Alison,Gamble,agambleoz@seattletimes.com,Female,642-953-5889
900,901,Harrie,Dowding,hdowdingp0@youtube.com,Female,675-391-5658
901,902,Kate,Lundy,klundyp1@gnu.org,Female,991-750-7159
902,903,Garek,McAsgill,gmcasgillp2@barnesandnoble.com,Male,564-521-0945
903,904,Anson,Mourgue,amourguep3@reddit.com,Male,496-138-0884
904,905,Stanfield,Sidebotham,ssidebothamp4@senate.gov,Male,959-592-0019
905,906,Hailey,Dreng,hdrengp5@abc.net.au,Male,629-650-6945
906,907,Justino,Blesli,jbleslip6@delicious.com,Male,855-537-0694
907,908,Charmian,Borkett,cborkettp7@cocolog-nifty.com,Female,239-861-6100
908,909,Brit,Fronks,bfronksp8@yellowbook.com,Female,243-852-8914
909,910,Celine,Saunton,csauntonp9@harvard.edu,Female,301-145-7991
910,911,Constantia,Etches,cetchespa@dailymotion.com,Female,295-214-4224
911,912,Karola,Sheardown,ksheardownpb@shareasale.com,Female,510-372-5875
912,913,Michele,Born,mbornpc@freewebs.com,Male,258-484-3276
913,914,Augustine,Poetz,apoetzpd@feedburner.com,Female,525-239-3021
914,915,Ferrell,Junifer,fjuniferpe@time.com,Male,284-256-0547
915,916,Sigismondo,Brideau,sbrideaupf@hao123.com,Male,613-115-3958
916,917,Anabal,Beeck,abeeckpg@un.org,Female,921-632-9331
917,918,Reine,Rubee,rrubeeph@deviantart.com,Female,399-831-9034
918,919,Brynna,Nertney,bnertneypi@yolasite.com,Female,465-605-1315
919,920,Karlotte,Ireland,kirelandpj@pagesperso-orange.fr,Female,720-912-2590
920,921,Adriane,Raiman,araimanpk@people.com.cn,Female,563-426-1365
921,922,Donall,Briars,dbriarspl@de.vu,Male,559-952-5184
922,923,Melisandra,Aucourte,maucourtepm@oaic.gov.au,Female,600-346-6202
923,924,Thedrick,Demougeot,tdemougeotpn@vk.com,Male,564-817-0807
924,925,Mano,Grishankov,mgrishankovpo@jiathis.com,Male,218-907-5394
925,926,Crin,Karel,ckarelpp@vk.com,Female,586-200-4163
926,927,Em,Seman,esemanpq@reddit.com,Male,938-411-4967
927,928,Lacey,Reichartz,lreichartzpr@usnews.com,Female,467-271-9284
928,929,Redd,Passe,rpasseps@youtube.com,Male,360-644-5063
929,930,Rianon,Pitman,rpitmanpt@ning.com,Female,620-927-4632
930,931,Marji,Bearman,mbearmanpu@ca.gov,Female,490-570-0545
931,932,Gwen,Swadlinge,gswadlingepv@yandex.ru,Female,298-521-5011
932,933,Tull,Jzak,tjzakpw@hatena.ne.jp,Male,446-750-3955
933,934,Tandie,Olin,tolinpx@alexa.com,Female,376-143-0283
934,935,April,Edgehill,aedgehillpy@paginegialle.it,Female,312-882-2593
935,936,Ketty,Charity,kcharitypz@wikispaces.com,Female,149-122-2100
936,937,Nancee,Bleackly,nbleacklyq0@youku.com,Female,318-847-7081
937,938,Frannie,McMechan,fmcmechanq1@posterous.com,Male,902-416-0951
938,939,Lenna,Mathwen,lmathwenq2@mail.ru,Female,805-960-6421
939,940,Cary,Maseyk,cmaseykq3@dmoz.org,Female,239-963-0138
940,941,Cari,Eastabrook,ceastabrookq4@eepurl.com,Female,505-627-7577
941,942,Hallsy,Cressy,hcressyq5@oakley.com,Male,335-970-0219
942,943,Stanwood,Busswell,sbusswellq6@smh.com.au,Male,858-125-3196
943,944,Elicia,Blench,eblenchq7@lycos.com,Female,126-827-7344
944,945,Colman,Kop,ckopq8@jigsy.com,Male,520-601-9095
945,946,Marge,Puden,mpudenq9@ucoz.ru,Female,192-105-5622
946,947,Thomasine,Matthieson,tmatthiesonqa@blinklist.com,Female,230-869-2606
947,948,Dodi,Aust,daustqb@cbslocal.com,Female,638-811-5744
948,949,Traver,Jendrusch,tjendruschqc@macromedia.com,Male,803-581-3265
949,950,Ozzy,Haddington,ohaddingtonqd@mozilla.org,Male,247-420-2875
950,951,Amery,Lionel,alionelqe@reuters.com,Male,491-142-8053
951,952,Glyn,Gegay,ggegayqf@123-reg.co.uk,Female,935-511-4788
952,953,Ondrea,Allnutt,oallnuttqg@e-recht24.de,Female,331-996-3919
953,954,Trenton,Gridley,tgridleyqh@ed.gov,Male,514-949-5162
954,955,Mikaela,Flaunier,mflaunierqi@over-blog.com,Female,902-705-0120
955,956,Sherwood,Brownsill,sbrownsillqj@opensource.org,Male,558-827-2977
956,957,Evy,Nelissen,enelissenqk@comcast.net,Female,776-148-2407
957,958,Aeriell,Potteridge,apotteridgeql@nps.gov,Female,263-934-4989
958,959,Lemuel,Malin,lmalinqm@slate.com,Male,235-104-9381
959,960,Gar,Jobes,gjobesqn@psu.edu,Male,134-625-1113
960,961,Dorette,Follacaro,dfollacaroqo@msu.edu,Female,376-823-3758
961,962,Mei,Dionis,mdionisqp@seesaa.net,Female,135-547-0792
962,963,York,Bourdis,ybourdisqq@dailymotion.com,Male,138-886-5419
963,964,Josey,McCue,jmccueqr@sbwire.com,Female,331-814-3293
964,965,Kevina,Costelloe,kcostelloeqs@ihg.com,Female,808-797-5785
965,966,Adda,Hurl,ahurlqt@blog.com,Female,980-286-5147
966,967,Rickard,Handslip,rhandslipqu@who.int,Male,156-950-6588
967,968,Zollie,St Leger,zstlegerqv@eventbrite.com,Male,562-280-6724
968,969,Arlinda,Rapier,arapierqw@oaic.gov.au,Female,614-149-1464
969,970,Elysha,Kubas,ekubasqx@photobucket.com,Female,553-182-8620
970,971,Rurik,Leving,rlevingqy@wired.com,Male,572-737-9206
971,972,Crawford,Dockery,cdockeryqz@alibaba.com,Male,363-782-3926
972,973,Arlin,Nutbeem,anutbeemr0@cisco.com,Male,100-586-1745
973,974,Mason,Bettam,mbettamr1@bizjournals.com,Male,792-695-7393
974,975,Garrott,Warner,gwarnerr2@ucoz.com,Male,717-750-5005
975,976,Panchito,MacEnelly,pmacenellyr3@guardian.co.uk,Male,649-623-6626
976,977,Fallon,Dorey,fdoreyr4@zdnet.com,Female,921-703-9088
977,978,Dilan,Matuska,dmatuskar5@bloglovin.com,Male,800-323-4554
978,979,Greta,Paddington,gpaddingtonr6@taobao.com,Female,416-608-5357
979,980,Mano,Andreasson,mandreassonr7@dion.ne.jp,Male,418-488-8231
980,981,Reynold,Ellershaw,rellershawr8@ftc.gov,Male,905-231-9940
981,982,Gib,Sharple,gsharpler9@chicagotribune.com,Male,315-369-4117
982,983,Alva,Sleeman,asleemanra@geocities.com,Male,220-427-9234
983,984,Caleb,Bernardino,cbernardinorb@google.es,Male,396-220-9034
984,985,Torin,Synder,tsynderrc@51.la,Male,619-595-0825
985,986,Silvano,Oats,soatsrd@tumblr.com,Male,478-440-7691
986,987,Gray,Diviney,gdivineyre@smh.com.au,Male,367-414-3078
987,988,Antoinette,Ferrino,aferrinorf@google.com.hk,Female,827-663-9133
988,989,Cordie,Rylstone,crylstonerg@google.com.au,Male,224-520-7049
989,990,Rutter,Mashal,rmashalrh@homestead.com,Male,431-645-0509
990,991,Janeczka,Alliban,jallibanri@forbes.com,Female,205-230-6220
991,992,Damaris,Quail,dquailrj@earthlink.net,Female,524-160-1350
992,993,Allyson,Hazlehurst,ahazlehurstrk@intel.com,Female,402-872-8639
993,994,Giovanni,Welbrock,gwelbrockrl@wiley.com,Male,933-377-5192
994,995,Herold,Allderidge,hallderidgerm@google.ru,Male,547-661-9236
995,996,Velma,Fowle,vfowlern@imageshack.us,Female,780-720-4151
996,997,Francois,Wrate,fwratero@xinhuanet.com,Male,320-734-0615
997,998,Ewen,Crisell,ecrisellrp@woothemes.com,Male,832-956-4591
998,999,Rob,Beran,rberanrq@smugmug.com,Male,969-990-3067
999,1000,Alanson,Finley,afinleyrr@google.co.uk,Male,233-419-0173
